{
    "name": "root",
    "gauges": {
        "Starship2DEnv.Policy.Entropy.mean": {
            "value": 0.9753682017326355,
            "min": 0.9753680229187012,
            "max": 1.205544352531433,
            "count": 1127
        },
        "Starship2DEnv.Policy.Entropy.sum": {
            "value": 947.08251953125,
            "min": 815.8397216796875,
            "max": 1383.548828125,
            "count": 1127
        },
        "Starship2DEnv.Environment.EpisodeLength.mean": {
            "value": 76.08333333333333,
            "min": 53.0625,
            "max": 127.75,
            "count": 1127
        },
        "Starship2DEnv.Environment.EpisodeLength.sum": {
            "value": 913.0,
            "min": 659.0,
            "max": 1357.0,
            "count": 1127
        },
        "Starship2DEnv.Step.mean": {
            "value": 3582940.0,
            "min": 2456998.0,
            "max": 3582940.0,
            "count": 1127
        },
        "Starship2DEnv.Step.sum": {
            "value": 3582940.0,
            "min": 2456998.0,
            "max": 3582940.0,
            "count": 1127
        },
        "Starship2DEnv.Policy.ExtrinsicValueEstimate.mean": {
            "value": 4.128112316131592,
            "min": 1.136435866355896,
            "max": 4.78661584854126,
            "count": 1127
        },
        "Starship2DEnv.Policy.ExtrinsicValueEstimate.sum": {
            "value": 103.20281219482422,
            "min": 23.86515235900879,
            "max": 124.51532745361328,
            "count": 1127
        },
        "Starship2DEnv.Environment.CumulativeReward.mean": {
            "value": 7.150001088778178,
            "min": 2.280000339945157,
            "max": 7.2500011665480475,
            "count": 1127
        },
        "Starship2DEnv.Environment.CumulativeReward.sum": {
            "value": 85.80001306533813,
            "min": 22.40000292658806,
            "max": 113.00001728534698,
            "count": 1127
        },
        "Starship2DEnv.Policy.ExtrinsicReward.mean": {
            "value": 7.150001088778178,
            "min": 2.280000339945157,
            "max": 7.2500011665480475,
            "count": 1127
        },
        "Starship2DEnv.Policy.ExtrinsicReward.sum": {
            "value": 85.80001306533813,
            "min": 22.40000292658806,
            "max": 113.00001728534698,
            "count": 1127
        },
        "Starship2DEnv.IsTraining.mean": {
            "value": 1.0,
            "min": 1.0,
            "max": 1.0,
            "count": 1127
        },
        "Starship2DEnv.IsTraining.sum": {
            "value": 1.0,
            "min": 1.0,
            "max": 1.0,
            "count": 1127
        },
        "Starship2DEnv.Losses.PolicyLoss.mean": {
            "value": 0.002463698406063486,
            "min": 0.001109057833582483,
            "max": 0.003877612912765471,
            "count": 109
        },
        "Starship2DEnv.Losses.PolicyLoss.sum": {
            "value": 0.002463698406063486,
            "min": 0.001109057833582483,
            "max": 0.003877612912765471,
            "count": 109
        },
        "Starship2DEnv.Losses.ValueLoss.mean": {
            "value": 0.017269778298214078,
            "min": 0.006359410262666643,
            "max": 0.1767818182706833,
            "count": 109
        },
        "Starship2DEnv.Losses.ValueLoss.sum": {
            "value": 0.017269778298214078,
            "min": 0.006359410262666643,
            "max": 0.1767818182706833,
            "count": 109
        },
        "Starship2DEnv.Policy.LearningRate.mean": {
            "value": 0.0002570935103021679,
            "min": 0.0002570935103021679,
            "max": 0.00027040481786506394,
            "count": 109
        },
        "Starship2DEnv.Policy.LearningRate.sum": {
            "value": 0.0002570935103021679,
            "min": 0.0002570935103021679,
            "max": 0.00027040481786506394,
            "count": 109
        },
        "Starship2DEnv.Policy.Epsilon.mean": {
            "value": 0.18569783199999995,
            "min": 0.18569783199999995,
            "max": 0.19013493600000003,
            "count": 109
        },
        "Starship2DEnv.Policy.Epsilon.sum": {
            "value": 0.18569783199999995,
            "min": 0.18569783199999995,
            "max": 0.19013493600000003,
            "count": 109
        },
        "Starship2DEnv.Policy.Beta.mean": {
            "value": 0.0042863218168,
            "min": 0.0042863218168,
            "max": 0.004507733306400001,
            "count": 109
        },
        "Starship2DEnv.Policy.Beta.sum": {
            "value": 0.0042863218168,
            "min": 0.0042863218168,
            "max": 0.004507733306400001,
            "count": 109
        }
    },
    "metadata": {
        "timer_format_version": "0.1.0",
        "start_time_seconds": "1722560762",
        "python_version": "3.10.12 | packaged by Anaconda, Inc. | (main, Jul  5 2023, 19:01:18) [MSC v.1916 64 bit (AMD64)]",
        "command_line_arguments": "\\\\?\\C:\\Users\\Admin\\anaconda3\\envs\\mlagents\\Scripts\\mlagents-learn config/train.yaml --run-id=train --env=../Starship2DEnv --width 400 --height 400 --num-envs 5 --num-areas 1 --torch-device cuda --tensorflow --resume",
        "mlagents_version": "1.0.0",
        "mlagents_envs_version": "1.0.0",
        "communication_protocol_version": "1.5.0",
        "pytorch_version": "2.2.2+cu121",
        "numpy_version": "1.22.0",
        "end_time_seconds": "1722566308"
    },
    "total": 5545.528681800002,
    "count": 1,
    "self": 0.26192429999355227,
    "children": {
        "run_training.setup": {
            "total": 0.5648896999773569,
            "count": 1,
            "self": 0.5648896999773569
        },
        "TrainerController.start_learning": {
            "total": 5544.701867800031,
            "count": 1,
            "self": 8.804359203670174,
            "children": {
                "TrainerController._reset_env": {
                    "total": 10.851897699991241,
                    "count": 1,
                    "self": 10.851897699991241
                },
                "TrainerController.advance": {
                    "total": 5524.906603796349,
                    "count": 286767,
                    "self": 6.882813004544005,
                    "children": {
                        "env_step": {
                            "total": 3999.0285912865074,
                            "count": 286767,
                            "self": 450.945979307231,
                            "children": {
                                "SubprocessEnvManager._take_step": {
                                    "total": 3539.449001778208,
                                    "count": 1138182,
                                    "self": 89.67827313987073,
                                    "children": {
                                        "TorchPolicy.evaluate": {
                                            "total": 3449.7707286383375,
                                            "count": 1127131,
                                            "self": 3449.7707286383375
                                        }
                                    }
                                },
                                "workers": {
                                    "total": 8.633610201068223,
                                    "count": 286766,
                                    "self": 0.0,
                                    "children": {
                                        "worker_root": {
                                            "total": 27650.660901584604,
                                            "count": 1138178,
                                            "is_parallel": true,
                                            "self": 25354.955677767633,
                                            "children": {
                                                "steps_from_proto": {
                                                    "total": 0.0013824999914504588,
                                                    "count": 5,
                                                    "is_parallel": true,
                                                    "self": 0.0005680000758729875,
                                                    "children": {
                                                        "_process_rank_one_or_two_observation": {
                                                            "total": 0.0008144999155774713,
                                                            "count": 10,
                                                            "is_parallel": true,
                                                            "self": 0.0008144999155774713
                                                        }
                                                    }
                                                },
                                                "UnityEnvironment.step": {
                                                    "total": 2295.7038413169794,
                                                    "count": 1138178,
                                                    "is_parallel": true,
                                                    "self": 103.13071220763959,
                                                    "children": {
                                                        "UnityEnvironment._generate_step_input": {
                                                            "total": 88.03897326567676,
                                                            "count": 1138178,
                                                            "is_parallel": true,
                                                            "self": 88.03897326567676
                                                        },
                                                        "communicator.exchange": {
                                                            "total": 1853.9402301873197,
                                                            "count": 1138178,
                                                            "is_parallel": true,
                                                            "self": 1853.9402301873197
                                                        },
                                                        "steps_from_proto": {
                                                            "total": 250.59392565634334,
                                                            "count": 1138178,
                                                            "is_parallel": true,
                                                            "self": 118.77632709685713,
                                                            "children": {
                                                                "_process_rank_one_or_two_observation": {
                                                                    "total": 131.8175985594862,
                                                                    "count": 2276356,
                                                                    "is_parallel": true,
                                                                    "self": 131.8175985594862
                                                                }
                                                            }
                                                        }
                                                    }
                                                }
                                            }
                                        }
                                    }
                                }
                            }
                        },
                        "trainer_advance": {
                            "total": 1518.995199505298,
                            "count": 286766,
                            "self": 7.66835110419197,
                            "children": {
                                "process_trajectory": {
                                    "total": 188.32374970125966,
                                    "count": 286766,
                                    "self": 185.7284009011346,
                                    "children": {
                                        "RLTrainer._checkpoint": {
                                            "total": 2.595348800125066,
                                            "count": 22,
                                            "self": 2.595348800125066
                                        }
                                    }
                                },
                                "_update_policy": {
                                    "total": 1323.0030986998463,
                                    "count": 109,
                                    "self": 1145.7519565997645,
                                    "children": {
                                        "TorchPPOOptimizer.update": {
                                            "total": 177.25114210008178,
                                            "count": 2180,
                                            "self": 177.25114210008178
                                        }
                                    }
                                }
                            }
                        }
                    }
                },
                "trainer_threads": {
                    "total": 1.700012944638729e-06,
                    "count": 1,
                    "self": 1.700012944638729e-06
                },
                "TrainerController._save_models": {
                    "total": 0.13900540000759065,
                    "count": 1,
                    "self": 0.007226100016850978,
                    "children": {
                        "RLTrainer._checkpoint": {
                            "total": 0.13177929999073967,
                            "count": 1,
                            "self": 0.13177929999073967
                        }
                    }
                }
            }
        }
    }
}