{
    "Starship2DEnv": {
        "checkpoints": [
            {
                "steps": 2499955,
                "file_path": "results\\train\\Starship2DEnv\\Starship2DEnv-2499955.onnx",
                "reward": 4.337931667679343,
                "creation_time": 1722560991.1073773,
                "auxillary_file_paths": [
                    "results\\train\\Starship2DEnv\\Starship2DEnv-2499955.pt"
                ]
            },
            {
                "steps": 2549996,
                "file_path": "results\\train\\Starship2DEnv\\Starship2DEnv-2549996.onnx",
                "reward": 5.4176478377159905,
                "creation_time": 1722561237.8697433,
                "auxillary_file_paths": [
                    "results\\train\\Starship2DEnv\\Starship2DEnv-2549996.pt"
                ]
            },
            {
                "steps": 2599996,
                "file_path": "results\\train\\Starship2DEnv\\Starship2DEnv-2599996.onnx",
                "reward": 5.750000715255737,
                "creation_time": 1722561484.273155,
                "auxillary_file_paths": [
                    "results\\train\\Starship2DEnv\\Starship2DEnv-2599996.pt"
                ]
            },
            {
                "steps": 2649967,
                "file_path": "results\\train\\Starship2DEnv\\Starship2DEnv-2649967.onnx",
                "reward": 5.78543773922816,
                "creation_time": 1722561718.3403182,
                "auxillary_file_paths": [
                    "results\\train\\Starship2DEnv\\Starship2DEnv-2649967.pt"
                ]
            },
            {
                "steps": 2699992,
                "file_path": "results\\train\\Starship2DEnv\\Starship2DEnv-2699992.onnx",
                "reward": 5.772500871121883,
                "creation_time": 1722561964.5943372,
                "auxillary_file_paths": [
                    "results\\train\\Starship2DEnv\\Starship2DEnv-2699992.pt"
                ]
            },
            {
                "steps": 2749962,
                "file_path": "results\\train\\Starship2DEnv\\Starship2DEnv-2749962.onnx",
                "reward": 5.965715165968452,
                "creation_time": 1722562210.645673,
                "auxillary_file_paths": [
                    "results\\train\\Starship2DEnv\\Starship2DEnv-2749962.pt"
                ]
            },
            {
                "steps": 2799947,
                "file_path": "results\\train\\Starship2DEnv\\Starship2DEnv-2799947.onnx",
                "reward": 6.5950010323276125,
                "creation_time": 1722562458.5990129,
                "auxillary_file_paths": [
                    "results\\train\\Starship2DEnv\\Starship2DEnv-2799947.pt"
                ]
            },
            {
                "steps": 2849992,
                "file_path": "results\\train\\Starship2DEnv\\Starship2DEnv-2849992.onnx",
                "reward": 6.290698568141738,
                "creation_time": 1722562704.9874787,
                "auxillary_file_paths": [
                    "results\\train\\Starship2DEnv\\Starship2DEnv-2849992.pt"
                ]
            },
            {
                "steps": 2899947,
                "file_path": "results\\train\\Starship2DEnv\\Starship2DEnv-2899947.onnx",
                "reward": 6.53548484920494,
                "creation_time": 1722562952.4120646,
                "auxillary_file_paths": [
                    "results\\train\\Starship2DEnv\\Starship2DEnv-2899947.pt"
                ]
            },
            {
                "steps": 2949987,
                "file_path": "results\\train\\Starship2DEnv\\Starship2DEnv-2949987.onnx",
                "reward": 6.9000010598789565,
                "creation_time": 1722563198.4006207,
                "auxillary_file_paths": [
                    "results\\train\\Starship2DEnv\\Starship2DEnv-2949987.pt"
                ]
            },
            {
                "steps": 2999941,
                "file_path": "results\\train\\Starship2DEnv\\Starship2DEnv-2999941.onnx",
                "reward": 6.8870978227425965,
                "creation_time": 1722563431.4771044,
                "auxillary_file_paths": [
                    "results\\train\\Starship2DEnv\\Starship2DEnv-2999941.pt"
                ]
            },
            {
                "steps": 3049951,
                "file_path": "results\\train\\Starship2DEnv\\Starship2DEnv-3049951.onnx",
                "reward": 6.915239122013251,
                "creation_time": 1722563677.5963361,
                "auxillary_file_paths": [
                    "results\\train\\Starship2DEnv\\Starship2DEnv-3049951.pt"
                ]
            },
            {
                "steps": 3099971,
                "file_path": "results\\train\\Starship2DEnv\\Starship2DEnv-3099971.onnx",
                "reward": 6.974227859801853,
                "creation_time": 1722563925.8233922,
                "auxillary_file_paths": [
                    "results\\train\\Starship2DEnv\\Starship2DEnv-3099971.pt"
                ]
            },
            {
                "steps": 3149989,
                "file_path": "results\\train\\Starship2DEnv\\Starship2DEnv-3149989.onnx",
                "reward": 6.7849325143719375,
                "creation_time": 1722564173.3442318,
                "auxillary_file_paths": [
                    "results\\train\\Starship2DEnv\\Starship2DEnv-3149989.pt"
                ]
            },
            {
                "steps": 3199967,
                "file_path": "results\\train\\Starship2DEnv\\Starship2DEnv-3199967.onnx",
                "reward": 6.700001031958631,
                "creation_time": 1722564421.0749035,
                "auxillary_file_paths": [
                    "results\\train\\Starship2DEnv\\Starship2DEnv-3199967.pt"
                ]
            },
            {
                "steps": 3249937,
                "file_path": "results\\train\\Starship2DEnv\\Starship2DEnv-3249937.onnx",
                "reward": 6.763158779395254,
                "creation_time": 1722564666.6140642,
                "auxillary_file_paths": [
                    "results\\train\\Starship2DEnv\\Starship2DEnv-3249937.pt"
                ]
            },
            {
                "steps": 3299975,
                "file_path": "results\\train\\Starship2DEnv\\Starship2DEnv-3299975.onnx",
                "reward": 7.020001071691513,
                "creation_time": 1722564913.289174,
                "auxillary_file_paths": [
                    "results\\train\\Starship2DEnv\\Starship2DEnv-3299975.pt"
                ]
            },
            {
                "steps": 3349940,
                "file_path": "results\\train\\Starship2DEnv\\Starship2DEnv-3349940.onnx",
                "reward": 6.942858210631779,
                "creation_time": 1722565159.5287235,
                "auxillary_file_paths": [
                    "results\\train\\Starship2DEnv\\Starship2DEnv-3349940.pt"
                ]
            },
            {
                "steps": 3399969,
                "file_path": "results\\train\\Starship2DEnv\\Starship2DEnv-3399969.onnx",
                "reward": 6.998334394892057,
                "creation_time": 1722565396.1364696,
                "auxillary_file_paths": [
                    "results\\train\\Starship2DEnv\\Starship2DEnv-3399969.pt"
                ]
            },
            {
                "steps": 3449990,
                "file_path": "results\\train\\Starship2DEnv\\Starship2DEnv-3449990.onnx",
                "reward": 7.009346879183132,
                "creation_time": 1722565646.3481739,
                "auxillary_file_paths": [
                    "results\\train\\Starship2DEnv\\Starship2DEnv-3449990.pt"
                ]
            },
            {
                "steps": 3499966,
                "file_path": "results\\train\\Starship2DEnv\\Starship2DEnv-3499966.onnx",
                "reward": 6.976471622814151,
                "creation_time": 1722565896.0004604,
                "auxillary_file_paths": [
                    "results\\train\\Starship2DEnv\\Starship2DEnv-3499966.pt"
                ]
            },
            {
                "steps": 3549951,
                "file_path": "results\\train\\Starship2DEnv\\Starship2DEnv-3549951.onnx",
                "reward": 6.984508103048298,
                "creation_time": 1722566146.4368415,
                "auxillary_file_paths": [
                    "results\\train\\Starship2DEnv\\Starship2DEnv-3549951.pt"
                ]
            },
            {
                "steps": 3583038,
                "file_path": "results\\train\\Starship2DEnv\\Starship2DEnv-3583038.onnx",
                "reward": 7.088001085519791,
                "creation_time": 1722566307.8376052,
                "auxillary_file_paths": [
                    "results\\train\\Starship2DEnv\\Starship2DEnv-3583038.pt"
                ]
            }
        ],
        "final_checkpoint": {
            "steps": 3583038,
            "file_path": "results\\train\\Starship2DEnv.onnx",
            "reward": 7.088001085519791,
            "creation_time": 1722566307.8376052,
            "auxillary_file_paths": [
                "results\\train\\Starship2DEnv\\Starship2DEnv-3583038.pt"
            ]
        }
    },
    "metadata": {
        "stats_format_version": "0.3.0",
        "mlagents_version": "1.0.0",
        "torch_version": "2.2.2+cu121"
    }
}